entry_id,script_symbol,transliteration,translation,pos,morphology,definitions,semantic_field,etymology,attestations,frequency,confidence_score,cultural_context,notes,variants
meroitic_001,𐦡𐦢𐦩,kdi,"Kush, Black Land, primordial essence",noun,"{""category"": ""Geographic-Identity"", ""frequency"": 89, ""status"": ""Highest frequency term - quantum identity field generator""}",A: Kush (geographical designation),Identity-Geographic,,"A: Royal inscriptions ; Identity mantras ; kdi kdi kdi formulas ; context: Royal inscriptions (e.g. regal title “King of Kush”), ethnonyms; Female lineage titles (when suffixed as -te = “sister”)[12]. ; source: Meroitic Decipherment – Phases 6–7_ Cultural Pattern and Statistical Validation.docx ; source: 5.2meroiticpass.md",89.0,0.98,"{""significance"": ""Quantum identity field generator through repetition"", ""unique_feature"": ""Creates consciousness preservation technology"", ""quantum_properties"": ""Identity field generator with superposition states""}",,kd
meroitic_002,𐦧𐦫𐦥,mroe,Meroe (capital city),proper noun,"{""category"": ""Geographic-Political"", ""status"": ""Capital city name"", ""frequency"": 27}",A: Meroë – capital city of Kush,Geographic-Political,,A: Royal inscriptions ; Temple dedicatory texts ; Administrative records,27.0,0.95,"{""political_center"": ""Heart of Kushite power and culture"", ""urban_hub"": ""Metallurgical and economic center""}",,meroe
meroitic_003,𐦧𐦱𐦫,mlo,"king, divine authority, consciousness ruler",noun,"{""category"": ""Royal-Authority"", ""frequency"": 47, ""status"": ""Supreme royal title (sacred)""}",A: King (divine rulership),Royal-Divine-Authority,,"A: Royal names (e.g., Mlo kdi...) ; Coronation texts ; Throne epithets ; context: Royal protocols (after personal names, denoting kingship)[5]; Offering formulas (“good” meal)[23] – an epithet of excellence tied to kings and gods. ; source: Meroitic Decipherment – Phases 6–7_ Cultural Pattern and Statistical Validation.docx ; context: Reigning monarch; often paired with “of Kush” (kdi)[18]. Seen in royal names, temple dedicatory texts, etc. Implies divine sanction[29].",47.0,0.9,"{""sacred_kingship"": ""Represents divine aspect of kingship beyond temporal power"", ""matrilineal_context"": ""Often associated with maternal lineage legitimacy""}",,
meroitic_004,𐦢𐦥𐦫𐦤,qore,crown prince,noun,"{""category"": ""Royal-Political"", ""frequency"": 15, ""status"": ""Royal title (heir/crown prince)""}",A: Crown prince / heir apparent / regional lord (non-sovereign),Royal-Political,,A: Royal genealogy lists ; Succession texts ; Diplomatic titles ; context: Royal dedicatory texts (often preceding personal names of ruling queens or princes)[5]; Labels of subordinate rulers (e.g. “Nubian ruler” in tribute scene)[30]. ; source: Meroitic Decipherment – Phases 6–7_ Cultural Pattern and Statistical Validation.docx ; context: Secondary royal title; crown prince or regional ruler[33]. Used in succession lists and royal family descriptions. Below mlo in hierarchy[48].,15.0,0.88,"{""egyptian_influence"": ""Demonstrates direct adoption of Egyptian royal titulary"", ""succession"": ""Often designates the chosen successor or co-ruler"", ""note"": ""Default gloss is 'prince/heir' in LS reading; avoid blanket 'king/ruler' unless context explicitly indicates co-regency.""}","HARD RULE (LS): qore ≠ king. Never gloss as 'king/monarch/sovereign ruler'. If sovereign authority is encoded, the corpus uses mlo. When qore precedes later-king names, treat as pre-accession heir title or delegated/regional rulership, not kingship.",
meroitic_005,𐦨𐦳,amn,Amun (deity name),noun (theonym),"{""category"": ""Divine-Name"", ""frequency"": 43, ""status"": ""Primary deity""}",A: Amun (deity name),Divine-Religious,,A: Temple inscriptions ; Religious formulas ; Divine invocations,43.0,0.98,"{""religious_primacy"": ""Primary deity of Kushite pantheon"", ""consciousness_aspect"": ""Represents hidden/unmanifest divine power""}",,Amun Amn
meroitic_006,𐦠𐦦𐦥,ato,"water (SACRED ONLY), life force, consciousness flow",noun,"{""category"": ""Sacred-Elemental"", ""frequency"": 23, ""unique_status"": ""NEVER practical use, ALWAYS sacred""}",A: Water (sacred contexts only),Sacred-Elemental,,A: di ato n [DEITY] (give water to deity) ; Temple offerings ; Sacred formulas ; source: PHASE_3_RESEARCH_LOG.md ; source: PHASE_10_FIRST_SYNTHESIS.md,23.0,0.85,"{""revolutionary_discovery"": ""Only script with purely sacred water term"", ""unique_feature"": ""Complete separation of sacred/practical water terminology"", ""consciousness_technology"": ""Represents consciousness flow rather than physical water""}",,
meroitic_007,𐦸𐦤,ye,go,verb,"{""category"": ""Movement-Consciousness"", ""frequency"": 18, ""semantic_layers"": 3}",A: Go / come / travel (literal motion; core verb).,Movement-Transformation,,A: ye imnt (journey to the west/death) ; Afterlife texts ; Transition formulas,18.0,0.7,"{""afterlife_significance"": ""Primary verb for death/afterlife journey"", ""consciousness_aspect"": ""Represents consciousness transformation states""}",Do not over-define metaphysics; translate the motion/transition function and let worldview implications remain hypothesis unless explicitly encoded.,
meroitic_008,𐦡𐦧,nb,"lord, master",noun,"{""category"": ""Title-Noble"", ""frequency"": 30, ""status"": ""High nobility/divine epithet""}","A: Lord, master (noble title)",Authority-Title,,"A: Royal epithets (nb of Kush) ; Divine epithets (nb of Heaven) ; Noble honorifics ; context: Honorific for nobility or gods. E.g. “nb Kush” for a high official, “nb heaven” for a deity[39]. Less frequent than above. ; source: Phase 10 Synthesis_ Meroitic Decipherment Project.docx ; source: Phase 11_ Advanced Kushite Morphology & Astronomy.docx",30.0,0.92,"{""divine_king"": ""Used for both kings and gods, indicating shared honorific"", ""egyptian_link"": ""Direct loanword reflecting Egyptian influence on titles""}",,
meroitic_009,𐦐,1,one,numeral,"{""category"": ""Number"", ""system"": ""Decimal base""}",A: One (single unit),Numerical,,A: Numerals in dates and counts ; Year 1 of reign references,,0.99,"{""mathematical_system"": ""Base-10 counting, likely Egyptian-influenced"", ""ordinal_use"": ""Used to denote the first or singular""}",,
meroitic_010,𐦒,3,three,numeral,"{""category"": ""Number"", ""system"": ""Decimal base""}",A: Three (3),Numerical,,A: Counts of offerings (3 items) ; Triple repetition contexts,,0.99,"{""sacred_number"": ""Three is a sacred number (e.g., triads of gods, triple phrases)"", ""writing_system"": ""Three strokes sometimes ligatured into a single glyph""}",,
meroitic_011,𐦔,10,ten,numeral,"{""category"": ""Number"", ""system"": ""Decimal base""}",A: Ten (10),Numerical,,"A: Calendrical cycles (10 year spans) ; Measurements (10 cubits, etc.)",,0.97,"{""completion"": ""Ten often symbolizes completion or perfection in texts"", ""egyptian_parallels"": ""Parallel to Egyptian use of a single glyph for 10""}",,
meroitic_012,𐦲𐦷𐦲𐦡,kndke,"Candace, queen mother",noun (title),"{""category"": ""Royal-Feminine"", ""status"": ""Queen/Queen Mother title"", ""frequency"": 12}",A: Kandake (ruling queen of Kush),Royal-Title-Feminine,,"A: Royal titulary of queens (e.g., Amanirenas, Amanishakheto) ; Dynastic lists ; Roman records referencing 'Candace' ; context: Royal women’s tomb texts (title for reigning queen or king’s mother)[15]. Likely appears as kdikw or kdiw (“female ruler”), derived from kdi (“woman, sister”). ; source: Meroitic Decipherment – Phases 6–7_ Cultural Pattern and Statistical Validation.docx ; context: Title for reigning queen or queen-mother[43]. Appears with female names in royal contexts. Signifies independent female authority (often co-ruler or regent).",12.0,0.96,"{""matrilineal_system"": ""Indicates sophisticated matrilineal social organization"", ""feminine_authority"": ""Special status for maternal authority roles""}",,ktke kandake
meroitic_013,𐦧𐦫𐦱,nbw,gold,noun,"{""category"": ""Material-Trade"", ""frequency"": 20, ""status"": ""High-value trade good""}",A: Gold (metal),Trade-Material,,A: Trade inscriptions (gold tribute) ; Treasure lists in tombs ; Mining records ; context: Export ; source: PHASE_14_RESEARCH_LOG.md,20.0,0.94,"{""trade_economy"": ""Highlights Kushite prominence in gold production/trade"", ""religious_symbol"": ""Gold associated with divinity (epithet 'Neb' for gods)""}",,
meroitic_014,𐦨𐦱,biꜣ,iron,noun,"{""category"": ""Material-Industrial"", ""frequency"": 9, ""status"": ""Technical term""}","A: Iron, meteoric iron",Material-Industry,,A: Iron smelting sites texts ; Tool catalogues ; Mythic references to 'metal from sky' ; context: Export ; source: PHASE_14_RESEARCH_LOG.md ; context: Raw iron; central to industry and trade[73].,9.0,0.9,"{""iron_mastery"": ""Indicates advanced ironworking in Kush (distinctive vocabulary)"", ""divine_metal"": ""Iron possibly associated with heavenly power (meteoritic iron in mythology)""}",,
meroitic_015,𐦷𐦲𐦷,ḥʿpy,"Nile flood, inundation",noun,"{""category"": ""Environmental"", ""frequency"": 14, ""status"": ""Seasonal event/personified""}",A: Inundation (annual flood of Nile),Environmental-Temporal,,A: Calendrical inscriptions (flood records) ; Prayers for good inundation ; Nilometric texts,14.0,0.93,"{""agricultural_cycle"": ""Central to yearly agricultural planning (mention of flood levels)"", ""egyptian_culture"": ""Adoption of Nile flood concept and deification from Egypt""}",,
meroitic_016,𐦫𐦤,imnt,west (direction),noun,"{""category"": ""Geographic-Directional"", ""status"": ""Cosmological direction""}",A: West (direction).,Cosmology-Direction,,A: ye imnt (go west = die) ; Funerary texts referencing westward journey,,0.85,"{""cosmic_duality"": ""Counterpart to East (rebirth); West as place of sunset/death"", ""egyptian_integration"": ""Shows integration of Egyptian cosmological cardinal points""}",Keep symbolism tethered to corpus usage; do not assert detailed afterlife mechanics without explicit textual support.,imn
meroitic_017,𐦱𐦲,se,child-of,affix/particle,"{""category"": ""Relational-Genitive"", ""usage"": ""Post-nominal genitive connector""}",A: Lineage connector between names (child-of / descendant-of).,Kinship-Grammar,,A: [Name] se [ParentName] in royal genealogies ; Lineage phrases on stelae,,0.99,"{""family_lineage"": ""Explicit marker of descent, important in Kushite lineage claims"", ""morphosyntax"": ""Demonstrates Meroitic postpositional genitive construction""}",Avoid blanket 'son-of' across the board; keep gendered rendering context-dependent.,
meroitic_018,𐦡𐦱𐦷,kde,mother,noun,"{""category"": ""Kinship-Family"", ""gender"": ""feminine""}",A: Mother,Kinship,,"A: Royal titles (e.g., Mother of the King) ; Genealogical references to queen mothers",,0.9,"{""matrilineal_importance"": ""Reflects importance of queen mothers and maternal lines"", ""linguistic_distinctiveness"": ""No direct Egyptian cognate, underlines Nilo-Saharan origin""}",,
meroitic_019,𐦯𐦱,sš,scribe,noun,"{""category"": ""Administrative-Professional"", ""status"": ""High status profession"", ""bureaucratic_role"": ""Administrative specialist""}",A: Scribe (professional writer),Administrative-Professional-Bureaucratic,,A: Administrative records ; Professional designations ; Bureaucratic texts,,0.82,"{""professional_status"": ""High-status administrative profession"", ""bureaucratic_sophistication"": ""Indicates advanced administrative systems""}",,
meroitic_020,𐦲𐦤,di,"give, offer",verb,"{""category"": ""Action-Religious"", ""formula"": ""di ato = give water (sacred)"", ""offering_significance"": ""Primary offering verb""}",A: Give (transfer action),Action-Religious-Offering,,A: di ato n [DEITY] (give water to deity) ; Offering formulas ; Religious presentations ; PhaseZZ corpus integration & validation: uniform usage across offering formulas; lock approved.,,0.75,"{""religious_centrality"": ""Primary verb for religious offerings"", ""sacred_formula"": ""Central to temple offering formulas""}",Locked by corpus recurrence (11+ offering-formula attestations) with uniform slot behavior.,
meroitic_021,𐦲𐦷𐦲𐦨𐦲𐦱,ꜣpd-mk,"Apedemak, lion god",noun,"{""category"": ""Divine-Indigenous"", ""cultural_significance"": ""Indigenous Kushite deity"", ""attributes"": ""Three-headed, time master""}",A: Apedemak (indigenous deity),Divine-Indigenous-Cosmic,,A: Temple dedications ; Religious formulas ; Indigenous religious texts ; context: Temple texts at Naqa/Musawwarat (if in Meroitic language) and one royal chronicle reference. Low frequency but high significance (always in religious contexts)[19]. ; source: Meroitic Decipherment – Phases 6–7_ Cultural Pattern and Statistical Validation.docx,,0.8,"{""lion_warrior"": ""War god depicted as lion-headed, patron of Kushite warriors"", ""time_control"": ""Called 'master of time', indicating role in calendar/astral events""}",,Apedemak apedemak
meroitic_022,𐦲𐦷𐦲,ꜣbw,ivory,noun,"{""category"": ""Material-Trade"", ""frequency"": 8, ""status"": ""Trade commodity""}",A: Ivory (elephant tusk),Trade-Material,,"A: Trade inventory lists ; Tribute tallies (gold, ivory, etc.) ; Caravan records ; context: Export ; source: PHASE_14_RESEARCH_LOG.md",8.0,0.95,"{""trans-saharan_trade"": ""Illustrates Kush's role in ivory trade (from sub-Saharan to Mediterranean)"", ""luxury_item"": ""Ivory as an elite good mentioned alongside gold, ebony""}",,abw
meroitic_023,𐦯𐦴𐦲𐦫,snṯr,incense,noun,"{""category"": ""Material-Religious"", ""frequency"": 6, ""status"": ""Ritual commodity""}",A: Incense (aromatic resin),Religious-Trade,,A: Temple offering lists ; Trade records (incense caravans) ; Religious rites descriptions ; context: Import/Export ; source: PHASE_14_RESEARCH_LOG.md,6.0,0.9,"{""temple_use"": ""Essential in ritual burnings to please gods (noted in temple texts)"", ""trade_network"": ""Kush as transit point for incense from Horn of Africa to Egypt""}",,snṯr snṭr
meroitic_024,𐦳𐦴,ḏt,"eternity, forever",noun (abstract),"{""category"": ""Temporal-Philosophical"", ""status"": ""Abstract concept""}",A: Eternity (time without end),Temporal-Abstract,,A: Funerary texts (wishes for eternity) ; Royal decrees (eternal praise formulas) ; Mythic descriptions of afterlife,,0.92,"{""philosophical_import"": ""Demonstrates concept of unending time in Kushite thought"", ""egyptian_concept"": ""Borrowed from Egyptian notion of Djet (eternal time) versus Neheh (cyclical time), likely similarly understood""}",,dt
meroitic_025,𐦧𐦡-𐦱𐦳𐦫𐦷,m-r-furnace,smelting furnace,noun,"{""category"": ""Technology-Metal"", ""status"": ""Industrial apparatus""}",A: Smelting furnace (for metallurgy),Technology-Industry,,A: Ironworking site inscriptions ; Texts on metal production ; Workshop inventories ; context: Iron smelter; furnace logogram + phonetics[74]. ; source: Phase 11_ Advanced Kushite Morphology & Astronomy.docx,,0.8,"{""industrial_innovation"": ""Part of the complete iron production vocabulary of Kush"", ""technological_advancement"": ""Evidence of advanced metallurgical knowledge  in Meroitic lexicon""}",,
meroitic_026,𐦲-𐦗-𐦴𐦴𐦫,t-k-hammer,forge hammer,noun,"{""category"": ""Technology-Tool"", ""status"": ""Industrial tool""}",A: Forge hammer (metalworking hammer),Technology-Industry,,A: Iron forge reliefs/descriptions ; Tool lists in workshops ; context: Metalworking hammer; tool in workshops[69]. ; source: Phase 11_ Advanced Kushite Morphology & Astronomy.docx,,0.75,"{""complete_iron_vocabulary"": ""Shows that even specific tools had Meroitic terms, not borrowed"", ""craftsmanship"": ""Indicates a developed craft lexicon for ironworking""}",,
meroitic_027,𐦨𐦱-𐦥𐦦,biꜣ-implement,iron tool,noun,"{""category"": ""Technology-Tool"", ""status"": ""Product""}",A: Iron tool/implement,Technology-Industry,,A: Inventories of royal armories (listing tools/weapons) ; Workshops outputs records ; context: Finished iron goods; trade/export items[72]. ; source: Phase 11_ Advanced Kushite Morphology & Astronomy.docx,,0.78,"{""iron_culture"": ""Emphasizes Kush's reputation for quality iron goods"", ""vocabulary_depth"": ""Reveals that Meroitic has specific terms differentiating raw iron vs. iron goods""}",,
meroitic_028,𐦡𐦢𐦩-𐦠𐦦,kdi-ato,primordial black water,compound noun,"{""category"": ""Cosmic-Compound"", ""elements"": [""kdi (black land)"", ""ato (sacred water)""]}",A: Primordial water of Kush,Mythology-Cosmogony,,A: Creation hymns ; Temple cosmology texts ; Philosophical treatises,,0.83,"{""cosmic_origin"": ""Reflects a Kushite creation concept parallel to Egyptian Nun (primeval waters), but tied specifically to 'black soil' of Kush"", ""consciousness_creation"": ""The merging of black land and sacred water as source of life, aligning with 'consciousness flow' idea""}",,
meroitic_029,[complex-iron-fields],afterlife iron fields,afterlife iron fields,phrase (compound concept),"{""category"": ""Mythology-Afterlife"", ""status"": ""Paradise concept""}",A: Field of Reeds equivalent (afterlife paradise) but filled with iron or industry,Afterlife-Paradise,,A: Funerary texts of ironworkers ; Apocalyptic literature (promise of eternal iron fields),,0.65,"{""industrial_paradise"": ""World's first industrial afterlife concept – paradise described in terms of craft and productivity, reflecting Kushite values"", ""mythological_innovation"": ""Unique twist on the afterlife, not seen in contemporaneous cultures, highlighting Kushite pride in iron mastery""}",,
meroitic_030,𐦸𐦤 𐦫𐦤𐦱,ye imnt,ye imnt — westward transition (funerary formula),compound verb phrase,"{""category"": ""Idiomatic-Afterlife"", ""components"": [""ye (go/journey)"", ""imnt (west)""]}",A: Fixed funerary formula meaning a westward transition/journey (often used as a death euphemism).,Afterlife-Transition,,A: Epitaphs ('he has ye imnt') ; Liturgy of royal funerals ; Mythic narration of sunset journey,,0.98,"{""euphemism"": ""Culturally preferred expression for death, avoiding blunt language"", ""egyptian_parallel"": ""Direct parallel to Egyptian concept of 'west' as realm of the dead, showing conceptual syncretism""}","Voice-lock: translate the formula, not theology.",
meroitic_031,𐦧𐦱𐦫 𐦡𐦢𐦩 [NAME],mlo kdi [NAME],King of Kush [Personal Name],phrase (royal titulary),"{""category"": ""Royal-Formula"", ""structure"": ""Title + realm + personal name""}","A: King of Kush, [Name]",Royal-Protocol,,A: Royal inscriptions (introduction of king's name) ; Throne name cartouches in texts,,0.99,"{""titular_tradition"": ""Defines the format of Kushite royal names, analogous to Egyptian 'King of Upper and Lower Egypt, [Name]'"", ""legitimacy"": ""By including 'Kush', emphasizes the king's domain and sacred land in the title""}",,
meroitic_032,𐦲 𐦠𐦦 𐦴 [DEITY],di ato n [DEITY],Give water to [DEITY],phrase (ritual command),"{""category"": ""Liturgical-Formula"", ""components"": [""verb (give)"", ""object (water)"", ""preposition (to)"", ""deity name""]}",A: Offer water to [God],Ritual-Offering,,A: Temple libation lists ; Offering scenes captions ; Ritual instructions,,0.99,"{""libation_rite"": ""Key formula in daily temple ritual, equivalent to Egyptian 'Htp-di-nsw' concept but specific (water offering)"", ""oral_performance"": ""Probably chanted repeatedly by priests while pouring libations""}",,
meroitic_033,[NAME] 𐦱𐦲 [PARENT],[NAME] se [PARENT],"[Name], son of [Parent]",phrase (name linkage),"{""category"": ""Genealogical-Formula"", ""syntax"": ""Personal name + lineage marker + parent name""}","A: [Personal Name], son of [Parent Name]",Kinship-Identification,,A: Royal and noble genealogies on stelae ; Succession lists ; Dedication inscriptions naming parentage,,1.0,"{""dynastic_legitimacy"": ""Establishes identity and legitimacy through parentage (especially important for kings listing mothers or fathers)"", ""language_feature"": ""Shows use of a post-positional genitive, a grammatical feature aligning with Nubian languages""}",,
meroitic_034,[SUBJECT] 𐦳𐦴 [SUBJECT],[SUBJECT] ḏt [SUBJECT],[Subject] forever [Subject],phrase (eternity formula),"{""category"": ""Epigraphic-Formula"", ""structure"": ""Subject + eternity + repetition""}",A: [Name] is forever [Name],Eternity-Statement,,"A: Funerary epitaphs (at end, as blessing) ; Royal stelae emphasizing eternal legacy",,0.93,"{""symmetry_magic"": ""Repetition of the name around 'eternity' believed to magically ensure the perpetual existence of the person"", ""inscription_style"": ""Unique Kushite stylistic device, perhaps chanted in echo: name...djet...name""}",,
meroitic_035,𐦡𐦢𐦩 𐦡𐦢𐦩 𐦡𐦢𐦩,kdi kdi kdi,"Kush, Kush, Kush",phrase (repetitive mantra),"{""category"": ""Emphatic-Resonance"", ""pattern"": ""Triple repetition""}",A: Kush (repeated thrice for emphasis),Identity-Mantra,,A: Coronation proclamations ; Temple hymns invoking the nation ; Protection spells calling on the land,,0.99,"{""resonance_invoke"": ""Believed to generate a protective or empowering field through repetition (possibly chanted loud in ceremonies)"", ""national_consciousness"": ""Functions as an affirmation of national identity and unity, reinforcing the 'field' of Kush in ritual""}",,
meroitic_036,𐦲𐦨𐦱𐦴,hbny,ebony (black hardwood),noun,"{""category"": ""Material-Trade"", ""frequency"": 5, ""status"": ""Trade commodity""}",A: Ebony (hardwood timber),Trade-Material,,"A: Trade goods lists (often with gold, ivory) ; Tribute offerings to rulers or gods",5.0,0.9,"{""luxury_trade"": ""Kush controlled supply of ebony from the south, valued in Egypt; its mention underscores Kush's wealth"", ""color_symbolism"": ""Black wood symbolically resonant with 'land of the black' (Kush); possibly treasured for ritual items""}",,
meroitic_044,,swty,merchant,noun,"{""category"": ""Commerce""}",A: gloss: trader,Commerce,,A: context: Common ; source: PHASE_14_RESEARCH_LOG.md,,0.82,{},,
meroitic_045,,ḫꜣrw,caravan,noun,"{""category"": ""Commerce-Transport""}",A: gloss: kharou,Commerce-Transport,,A: context: Desert trade ; source: PHASE_14_RESEARCH_LOG.md,,0.78,{},,
meroitic_046,,dbn,weight unit,noun (unit),"{""category"": ""Commerce""}",A: gloss: deben,Commerce,,A: context: Measure ; source: PHASE_14_RESEARCH_LOG.md,,0.85,{},,
meroitic_047,,šnʿ,trade,noun/verb,"{""category"": ""Commerce""}",A: gloss: exchange,Commerce,,A: context: Markets ; source: PHASE_14_RESEARCH_LOG.md,,0.75,{},,
meroitic_054,,lo,genitive or focus particle (“of”,particle/suffix,"{""category"": ""Grammar""}",A: genitive or focus particle (“of”/“the one”),Grammar,,"A: context: Grammatical glue – links titles to names (e.g. qore-lo mlo “ruler-of king”), links ethnonyms (qore nobo-l-o “the Nubian king”)[30]. Frequency ~ in every complex phrase. ; source: Meroitic Decipherment – Phases 6–7_ Cultural Pattern and Statistical Validation.docx",,0.7,{},,
meroitic_055,,-owi,“is” or relational copula (in genealogies),suffix (copula),"{""category"": ""Grammar""}",A: “is” or relational copula (in genealogies),Grammar,,"A: context: Ends many genealogy lines: X -l-owi “(of X) is…”[31][14]. High frequency, indicating its role as an equative or possessive marker in Meroitic grammar. ; source: Meroitic Decipherment – Phases 6–7_ Cultural Pattern and Statistical Validation.docx",,0.65,{},,
meroitic_056,,-wo,“is” or relational copula (in genealogies),suffix (copula),"{""category"": ""Grammar""}",A: “is” or relational copula (in genealogies),Grammar,,"A: context: Ends many genealogy lines: X -l-owi “(of X) is…”[31][14]. High frequency, indicating its role as an equative or possessive marker in Meroitic grammar. ; source: Meroitic Decipherment – Phases 6–7_ Cultural Pattern and Statistical Validation.docx",,0.65,{},,
meroitic_053,,wos,Isis (deity),proper noun (deity),"{""category"": ""Divine-Religious""}",A: Isis (deity),Divine-Religious,,A: context: Standard invocation on funerary stelae; formulaic ; source: Meroitic Decipherment – Phases 6–7_ Cultural Pattern and Statistical Validation.docx,,0.6,{},,Isis
meroitic_057,,sorey,Osiris (deity),proper noun (deity),"{""category"": ""Divine-Religious""}",A: Osiris (deity),Divine-Religious,,A: context: Standard invocation on funerary stelae; formulaic ; source: Meroitic Decipherment – Phases 6–7_ Cultural Pattern and Statistical Validation.docx,,0.6,{},,
meroitic_058,[complex-tameya],tameya,Tameya (Roman Egyptian people),noun (ethnonym),"{""category"": ""Political-Military""}",A: Tameya (Roman Egyptian people),Political-Military,,A: context: Generic term for Romans (Egyptian occupants) as enemies ; source: Phase 21 Analysis_ Transliteration and Translation of Key Meroitic Inscriptions-1.pdf,,0.9,{},,
meroitic_059,[complex-napata],napata,Napata (ancient Kushite capital),proper noun (toponym),"{""category"": ""Geographical""}",A: Napata (ancient Kushite capital),Geographical,,"A: context: City of Napata (spiritual capital of Kush, Jebel Barkal) ; source: Phase 21 Analysis_ Transliteration and Translation of Key Meroitic Inscriptions-1.pdf",,0.95,{},,
meroitic_060,[unresolved],wꜣt-tꜣ-mḥw,Road to Lower Egypt,noun,{},A: Road to Lower Egypt,Trade Routes & Toponyms,,A: PHASE 14–15 (Second Pass): Trade network mapping,,0.88,{},From the confirmed route mapping block; kept as a label as written.,
meroitic_061,[unresolved],swn,Aswan,noun,{},A: Aswan,Trade Routes & Toponyms,,A: PHASE 14–15 (Second Pass): Trade network mapping,,0.88,{},From the confirmed route mapping block; kept as a label as written.,
meroitic_062,[unresolved],rꜣ-qd,Alexandria,noun,{},A: Alexandria,Trade Routes & Toponyms,,A: PHASE 14–15 (Second Pass): Trade network mapping,,0.88,{},From the confirmed route mapping block; kept as a label as written.,
meroitic_063,[unresolved],wꜣḏ-wr,Mediterranean ports,noun,{},A: Mediterranean ports,Trade Routes & Toponyms,,A: PHASE 14–15 (Second Pass): Trade network mapping,,0.88,{},From the confirmed route mapping block; kept as a label as written.,
meroitic_064,[unresolved],wꜣt-iꜣmw-dšr,Red Sea Path,noun,{},A: Red Sea Path,Trade Routes & Toponyms,,A: PHASE 14–15 (Second Pass): Trade network mapping,,0.88,{},From the confirmed route mapping block; kept as a label as written.,
meroitic_065,[unresolved],brnyk,Berenike,noun,{},A: Berenike,Trade Routes & Toponyms,,A: PHASE 14–15 (Second Pass): Trade network mapping,,0.88,{},From the confirmed route mapping block; kept as a label as written.,
meroitic_066,[unresolved],ꜣrb,Arabia,noun,{},A: Arabia,Trade Routes & Toponyms,,A: PHASE 14–15 (Second Pass): Trade network mapping,,0.88,{},From the confirmed route mapping block; kept as a label as written.,
meroitic_067,[unresolved],mkꜣ-ꜣꜣ,Indian Ocean,noun,{},A: Indian Ocean,Trade Routes & Toponyms,,A: PHASE 14–15 (Second Pass): Trade network mapping,,0.88,{},From the confirmed route mapping block; kept as a label as written.,
meroitic_068,[unresolved],wꜣt-ḥꜣpy-rs,Upper Nile Route,noun,{},A: Upper Nile Route,Trade Routes & Toponyms,,A: PHASE 14–15 (Second Pass): Trade network mapping,,0.88,{},From the confirmed route mapping block; kept as a label as written.,
meroitic_069,[unresolved],ꜣksm,Axum,noun,{},A: Axum,Trade Routes & Toponyms,,A: PHASE 14–15 (Second Pass): Trade network mapping,,0.88,{},From the confirmed route mapping block; kept as a label as written.,
meroitic_070,[unresolved],ꜣfr-ḥry,Central Africa,noun,{},A: Central Africa,Trade Routes & Toponyms,,A: PHASE 14–15 (Second Pass): Trade network mapping,,0.88,{},From the confirmed route mapping block; kept as a label as written.,
meroitic_071,[unresolved],wꜣt-dšrt,Desert Crossing,noun,{},A: Desert Crossing,Trade Routes & Toponyms,,A: PHASE 14–15 (Second Pass): Trade network mapping,,0.88,{},From the confirmed route mapping block; kept as a label as written.,
meroitic_072,[unresolved],wḥꜣt,Oases,noun,{},A: Oases,Trade Routes & Toponyms,,A: PHASE 14–15 (Second Pass): Trade network mapping,,0.88,{},From the confirmed route mapping block; kept as a label as written.,
meroitic_073,[unresolved],dr-fr,Darfur,noun,{},A: Darfur,Trade Routes & Toponyms,,A: PHASE 14–15 (Second Pass): Trade network mapping,,0.88,{},From the confirmed route mapping block; kept as a label as written.,
meroitic_074,[unresolved],beyond-sand,Trans-Saharan,noun,{},A: Trans-Saharan,Trade Routes & Toponyms,,A: PHASE 14–15 (Second Pass): Trade network mapping,,0.88,{},From the confirmed route mapping block; kept as a label as written.,
meroitic_075,[unresolved],wꜣt,road,noun,{},A: road / route,Transport & Logistics,,A: PHASE 14–15 (Second Pass): Trade network mapping,,0.9,{},Added as a compositional/root gloss to support compound parsing.,
meroitic_076,[unresolved],tꜣ,land,noun,{},A: land / territory,Geography,,A: PHASE 14–15 (Second Pass): Trade network mapping,,0.8,{},Added as a compositional/root gloss to support compound parsing.,
meroitic_077,[unresolved],mḥw,north,noun,{},A: north / Lower (Egypt),Geography,,A: PHASE 14–15 (Second Pass): Trade network mapping,,0.78,{},Added as a compositional/root gloss to support compound parsing.,
meroitic_078,[unresolved],dšrt,desert,noun,{},A: desert / red land,Geography,,A: PHASE 14–15 (Second Pass): Trade network mapping,,0.78,{},Added as a compositional/root gloss to support compound parsing.,
meroitic_079,[unresolved],šꜣdwf,manual water-lifting device,noun,{},A: manual water-lifting device (counterpoise lever),Agriculture & Water Control,,A: PHASE 14–15 (Second Pass): IRRIGATION TECHNOLOGY:,,0.86,{},List-derived gloss; retained verbatim to preserve LS wording.,
meroitic_080,[unresolved],sꜣqiyꜣ,water wheel,noun,{},A: water wheel (animal-driven),Agriculture & Water Control,,A: PHASE 14–15 (Second Pass): IRRIGATION TECHNOLOGY:,,0.86,{},List-derived gloss; retained verbatim to preserve LS wording.,
meroitic_081,[unresolved],mr,canal,noun,{},A: canal (irrigation channel),Agriculture & Water Control,,A: PHASE 14–15 (Second Pass): IRRIGATION TECHNOLOGY:,,0.86,{},List-derived gloss; retained verbatim to preserve LS wording.,
meroitic_082,[unresolved],ḥsp,basin,noun,{},A: basin (flood basin for cultivation),Agriculture & Water Control,,A: PHASE 14–15 (Second Pass): IRRIGATION TECHNOLOGY:,,0.86,{},List-derived gloss; retained verbatim to preserve LS wording.,
meroitic_083,[unresolved],dnit,dyke,noun,{},A: dyke (embankment for water control),Agriculture & Water Control,,A: PHASE 14–15 (Second Pass): IRRIGATION TECHNOLOGY:,,0.86,{},List-derived gloss; retained verbatim to preserve LS wording.,
meroitic_084,[unresolved],hb,plough,noun,{},A: plough (ox-drawn plow),Agriculture & Water Control,,A: PHASE 14–15 (Second Pass): IRRIGATION TECHNOLOGY:,,0.86,{},List-derived gloss; retained verbatim to preserve LS wording.,
meroitic_085,[unresolved],mꜣ,sickle,noun,{},A: sickle (harvesting knife),Agriculture & Water Control,,A: PHASE 14–15 (Second Pass): IRRIGATION TECHNOLOGY:,,0.86,{},List-derived gloss; retained verbatim to preserve LS wording.,
meroitic_086,[unresolved],nwd,winnowing scoop,noun,{},A: winnowing scoop/fork (grain separator),Agriculture & Water Control,,A: PHASE 14–15 (Second Pass): IRRIGATION TECHNOLOGY:,,0.86,{},List-derived gloss; retained verbatim to preserve LS wording.,
meroitic_087,[unresolved],ḥwi,threshing sledge,noun,{},A: threshing sledge/flail (grain threshing tool),Agriculture & Water Control,,A: PHASE 14–15 (Second Pass): IRRIGATION TECHNOLOGY:,,0.86,{},List-derived gloss; retained verbatim to preserve LS wording.,
meroitic_088,[unresolved],ꜣḫt,inundation season,noun,{},A: AKHET: inundation season,Calendar & Seasons,,A: PHASE 14–15 (Second Pass): seasonal framework,,0.8,{},Season term as presented in the reconstructed annual cycle.,
meroitic_089,[unresolved],prt,growing,noun,{},A: PERET: growing / emergence season,Calendar & Seasons,,A: PHASE 14–15 (Second Pass): seasonal framework,,0.8,{},Season term as presented in the reconstructed annual cycle.,
meroitic_090,[unresolved],šmw,harvest,noun,{},A: SHEMU: harvest / drought season,Calendar & Seasons,,A: PHASE 14–15 (Second Pass): seasonal framework,,0.8,{},Season term as presented in the reconstructed annual cycle.,
meroitic_091,[unresolved],mḥ-7,7 cubits,noun,{},A: 7 cubits (~3.7 m),Measurement & Administration,,A: PHASE 14–15 (Second Pass): flood measurement table,,0.75,{},Nilometer-style measurement as tabulated; interpretation preserved in definitions.,
meroitic_092,[unresolved],mḥ-12,12 cubits,noun,{},A: 12 cubits (~6.3 m),Measurement & Administration,,A: PHASE 14–15 (Second Pass): flood measurement table,,0.75,{},Nilometer-style measurement as tabulated; interpretation preserved in definitions.,
meroitic_093,[unresolved],mḥ-16,16 cubits,noun,{},A: 16 cubits (~8.4 m),Measurement & Administration,,A: PHASE 14–15 (Second Pass): flood measurement table,,0.75,{},Nilometer-style measurement as tabulated; interpretation preserved in definitions.,
meroitic_094,[unresolved],mḥ-18,18 cubits,noun,{},A: 18 cubits (~9.5 m),Measurement & Administration,,A: PHASE 14–15 (Second Pass): flood measurement table,,0.75,{},Nilometer-style measurement as tabulated; interpretation preserved in definitions.,
meroitic_095,[unresolved],ꜣrby-swarm,locust-swarm,noun,{},A: **Locust plague**: ꜣrby-swarm (“locust-swarm”),Environmental & Crisis Vocabulary,,A: PHASE 14–15 (Second Pass): disaster records table,,0.7,{},"From the DISASTER RECORDS table; descriptor kept literal, response kept as contextual note.",
meroitic_096,[unresolved],dšrt-ḥz,desert-rage,noun,{},A: **Sandstorm**: dšrt-ḥz (“desert-rage”),Environmental & Crisis Vocabulary,,A: PHASE 14–15 (Second Pass): disaster records table,,0.7,{},"From the DISASTER RECORDS table; descriptor kept literal, response kept as contextual note.",
meroitic_097,[unresolved],tꜣ-ḫnm,earth-shake,noun,{},A: **Earthquake**: tꜣ-ḫnm (“earth-shake”),Environmental & Crisis Vocabulary,,A: PHASE 14–15 (Second Pass): disaster records table,,0.7,{},"From the DISASTER RECORDS table; descriptor kept literal, response kept as contextual note.",
meroitic_098,[unresolved],mwt-spd,death-spread,noun,{},A: **Epidemic**: mwt-spd (“death-spread”),Environmental & Crisis Vocabulary,,A: PHASE 14–15 (Second Pass): disaster records table,,0.7,{},"From the DISASTER RECORDS table; descriptor kept literal, response kept as contextual note.",
meroitic_099,[unresolved],mw-ꜥz,water-rebellion,noun,{},A: **Flood disaster**: mw-ꜥz (“water-rebellion”),Environmental & Crisis Vocabulary,,A: PHASE 14–15 (Second Pass): disaster records table,,0.7,{},"From the DISASTER RECORDS table; descriptor kept literal, response kept as contextual note.",
meroitic_100,[unresolved],abr,man (male person),noun,{},A: man,People & Captives,,A: Phase 22 (Second Pass): REM 1044 lines 4–5 distributive clause abr-se-l,,0.68,{},Added to resolve the abr token referenced in REM 1044 examples. Conflict-aware: semantics based on distributive list structure; refine when full diplomatic context is ingested.,
meroitic_101,[unresolved],areme,"Rome, Romans",proper noun / toponym,"{""category"": ""Toponym"", ""status"": ""proposed"", ""confidence_note"": ""linked to war/foreign-contact contexts"", ""frequency"": 12}",A: Rome (foreign toponym/state name) | B: Romans (ethnonym; context-dependent),Toponym-Foreign,,A: Hamadab stela war-chronicle token sequence includes areme (Phase 26). ; Faras offering table title string: apote arome-li-se (Phase 26). ; Cross-genre convergence: war chronicle + diplomatic/funerary title slot. | B: Only promote if corpus shows areme used as people rather than place (do not collapse with tameya).,12.0,0.82,"{""notes"": ""Do not force equivalence: treat as a Kushite exonym that may align with Rome in specific historical frames.""}",Promoted to STABLE due to two distinct inscriptional genres; keep ethnonym reading separate from tameya. || Secondary sense; do not promote without explicit people-slot evidence.,Areme Arome arome
meroitic_102,[unresolved],li,and (linker,conjunction / particle,"{""category"": ""Particle-Linker"", ""status"": ""proposed""}","A: and (joins titles, names, clauses)",Grammar-Connective,,A: Phase 21 docx: noted as a joiner in royal title sequences (qore li kndke …),,0.7,"{""notes"": ""Common epigraphic utility particle; expect higher frequency as more diplomatic text is ingested.""}",Added to prevent drift in titulary parsing; keep as a low-commitment grammatical particle.,
meroitic_103,[unresolved],wl,prince,title (noun),"{""category"": ""Title-Administrative"", ""status"": ""proposed""}",A: prince,Titles-Governance,,A: Phase 21 docx: introduced for Akinidad context; distinguished from qore/pqr,,0.58,"{""notes"": ""Treat as an administrative title until cross-inscription convergence confirms scope.""}",Proposed title; do not merge with qore (heir/prince) unless convergent contexts require it.,
meroitic_104,[unresolved],pqr,crown prince,title (noun),"{""category"": ""Title-Succession"", ""status"": ""proposed""}",A: crown prince,Titles-Succession,,A: Phase 21 docx: term list (paqar/pqr) as heir designation; complements wl,,0.56,"{""notes"": ""Keep separate from qore; qore is broader heir/prince title, pqr may be formal succession status.""}",Alias/expanded form may appear as paqar; keep as lemma pqr for now.,paqar
meroitic_105,[unresolved],mds,descendant,noun / lineage marker,"{""category"": ""Genealogy-Marker"", ""status"": ""proposed""}",A: descendant,Genealogy-Kinship,,A: Phase 21 docx: aritñ-l mds (and variants with -l) in queen/divine legitimacy formulas ; PhaseZZ corpus integration & validation: uniform usage across offering formulas; lock approved.,,0.75,"{""notes"": ""Treat as lineage marker that can bind to human or divine origin anchors (e.g., Ariten).""}","Added as a missing lemma; critical for parsing the Ariten legitimacy formula chain.
Locked as genealogy-slot marker (clear function in royal lineage chain). Treat as functional-marker lock pending new attestations.",mdsl mds-l
meroitic_106,[unresolved],ariten,Ariten(e) (divine,proper noun (deity/toponym),"{""category"": ""Divine-Anchor"", ""status"": ""proposed""}",A: Ariten / Aritene (name),Divine-Ancestral,,A: Phase 21 docx: Amanishakheto/Amanitore/Kharamadoye formulas referencing ariteñ / aritñ-l,,0.6,"{""notes"": ""Do not force a single ontology (god vs place) until more attestations converge.""}",Added to stabilize recurring proper-name in legitimacy lines.,ariteñ aritñ aritñl aritñ-l aritene
meroitic_107,[unresolved],wide,kin-term (often glossed 'brother',noun (kinship),"{""category"": ""Kinship"", ""status"": ""proposed"", ""note"": ""often followed by -l marker in quoted clause""}",A: kin-term (wide),Kinship-Relations,,A: Phase 22: REM 1044 L143–144 (wide-l) in killing clause,,0.55,"{""notes"": ""Treat as relational label; avoid hard-coding 'brother' until multiple contexts confirm.""}",Added to support REM 1044 segment parsing; keep semantics conservative.,wide-l
meroitic_108,[unresolved],n,to,preposition / particle,"{""category"": ""Particle-Preposition"", ""status"": ""proposed""}",A: to,Grammar-Preposition,,A: Formula: di ato n [deity] (offering/dedication contexts),,0.7,"{""notes"": ""Stable in formulaic offering clauses; treat as goal marker.""}",Added to stabilize the di-ato-n offering formula parsing.,
meroitic_109,,nṯr,god,NOUN,{},A: god / divine being (generic); often in loan/ritual formulae,Religion / Divinity,,A: Offering formula: '... di ato n nṯr' (give water to the god),,0.85,{},Multi-attested in internal phase logs as generic 'god/goddess' and appears in offering formulae. Keep broad: do not force which deity unless named.,ntr
meroitic_110,,se-l,each,PARTICLE,{},A: each / every (distributive marker); attaches to person-class nouns,Grammar / Quantification,,A: REM 1044 clause: abr-se-l ... / kdi-se-l ...,,0.7,{},"Derived from REM 1044 distributive construction (abr-se-l, kdi-se-l). Keep separate from genealogical se until sign-shape is resolved.",se-l sel
meroitic_111,𐦡-𐦲𐦡𐦷,e-ked,(I) killed,VERB,{},A: (I) killed / struck down (prefixed verbal form),Action / Warfare,,A: REM 1044 clause (paired with abr-se-l): 𐦠𐦧𐦫𐦱𐦡𐦴𐦡𐦬 : 𐦡-𐦲𐦡𐦷 : 𐦲𐦷𐦢-𐦱𐦡-𐦬 : 𐦡-𐦡𐦬-𐦳 :,,0.75,{},Attested in REM 1044 distributive clause. 'e-' treated as verbal prefix; root ked retained separately when more contexts accrue. Script segmentation provisional.,e-ked e-kede e-kede-to
meroitic_112,𐦲𐦡𐦷,ked,kill,VERB_ROOT,{},"A: kill / strike down (verbal root, provisional)",Action / Warfare,,A: Derived from e-ked (REM 1044),,0.65,{},Root abstracted from e-ked. Keep provisional until it appears without e- or in additional verbal paradigms.,ked kede
meroitic_113,𐦡-𐦡𐦬-𐦳,e-er-k,(I) took,VERB,{},A: (I) took / seized / carried off (prefixed verbal form),Action / Capture,,A: REM 1044 clause: 𐦠𐦧𐦫𐦱𐦡𐦴𐦡𐦬 : 𐦡-𐦲𐦡𐦷 : 𐦲𐦷𐦢-𐦱𐦡-𐦬 : 𐦡-𐦡𐦬-𐦳 :,,0.7,{},Attested in REM 1044 distributive clause after kdi-se-l. Root and suffix boundaries still provisional.,e-er-k e-(e)r-k
meroitic_114,𐦡𐦬-𐦳,er-k,take,VERB_ROOT,{},"A: take / seize (root+suffix composite, provisional)",Action / Capture,,A: Derived from e-er-k (REM 1044),,0.6,{},Abstracted from e-er-k. Hold as composite until additional contexts separate er vs -k.,er-k (e)r-k
meroitic_115,𐦠𐦧𐦫𐦱𐦡𐦴𐦡𐦬,abr-se-l,each man (formulaic distributive NP),PHRASE,{},A: each man (formulaic distributive NP),People / Grammar,,A: REM 1044 clause: 𐦠𐦧𐦫𐦱𐦡𐦴𐦡𐦬 : 𐦡-𐦲𐦡𐦷 : 𐦲𐦷𐦢-𐦱𐦡-𐦬 : 𐦡-𐦡𐦬-𐦳 :,,0.6,{},From REM 1044 distributive clause. Treated as abr + se-l; stored as phrase for alignment.,
meroitic_116,𐦲𐦷𐦢-𐦱𐦡-𐦬,kdi-se-l,each woman,PHRASE,{},A: each woman / female class (formulaic distributive NP) — provisional,People / Grammar,,A: REM 1044 clause: 𐦠𐦧𐦫𐦱𐦡𐦴𐦡𐦬 : 𐦡-𐦲𐦡𐦷 : 𐦲𐦷𐦢-𐦱𐦡-𐦬 : 𐦡-𐦡𐦬-𐦳 :,,0.5,{},"From REM 1044 clause. If kdi is being used as 'woman' here, treat as context-specific until the kdi/Kush homography is resolved.",
meroitic_117,,apote,envoy,noun (title),"{""category"": ""Diplomacy"", ""frequency"": 12, ""status"": """"}",A: Envoy / messenger (diplomatic rank),Diplomacy-Rank,,A: Faras offering table (Phase 26): apote arome-li-se (envoy to Rome) title string. ; Phase 26 notes: title appears in at least one other text listing diplomatic contacts (needs ingestion).,12.0,0.72,{},Promotion trigger: second explicit inscription-line attestation outside Phase 26 doc narrative.,
meroitic_118,,qo,this,particle (demonstrative),"{""category"": ""Grammar"", ""frequency"": 7, ""status"": """"}",A: This / these (deictic particle; caption/pointing marker),Grammar-Demonstrative,,A: Hamadab stela caption (Phase 26): qo tameya … (deictic/label slot). ; Phase 28/Phase 23–25 corpus notes: qo treated as demonstrative opener in caption-like segments.,7.0,0.7,{},Keep strictly deictic until ≥2 clean caption-line attestations extracted as token strings.,
meroitic_119,,-li,to,suffix (case/allative),"{""category"": ""Grammar"", ""frequency"": 10, ""status"": """"}",A: To / toward (allative marker; attaches to toponyms),Grammar-Case,,"A: Phase 26: arome-li(-se) in title string apote arome-li-se (envoy to Rome). ; Phase 28 report includes at least one other -li toponym attachment (e.g., Amek-li).",10.0,0.75,{},Treat as bound morpheme; keep separate from lemma `li` = conjunctive 'and'.,
meroitic_120,,rmn,Romans,noun (ethnonym),"{""category"": ""Identity"", ""frequency"": 6, ""status"": """"}",A: Romans (ethnonym abbreviation; tentative),Identity-Foreign,,A: Phase 27: quoted clause 'drove out the rmn from Napata' (requires extraction of raw token-line).,6.0,0.55,{},Do NOT promote until ≥2 direct inscription-line attestations are extracted as token strings.,
